{"cameraMode":{"drawMode":0,"name":"Shaded","section":"Shading Mode"},"sceneLighting":true,"audioPlay":false,"sceneViewState":{"m_AlwaysRefresh":false,"showFog":true,"showSkybox":true,"showFlares":true,"showImageEffects":true,"showParticleSystems":true,"showVisualEffectGraphs":true,"m_FxEnabled":true},"in2DMode":false,"pivot":{"x":20.107799530029298,"y":-0.2356797456741333,"z":-18.943376541137697},"rotation":{"x":-0.16301056742668153,"y":0.5323403477668762,"z":-0.10531408339738846,"w":-0.8239864110946655},"size":0.5464674234390259,"orthographic":false}