{"cameraMode":{"drawMode":0,"name":"Shaded","section":"Shading Mode"},"sceneLighting":false,"audioPlay":false,"sceneViewState":{"m_AlwaysRefresh":false,"showFog":true,"showSkybox":false,"showFlares":true,"showImageEffects":true,"showParticleSystems":true,"showVisualEffectGraphs":true,"m_FxEnabled":true},"in2DMode":false,"pivot":{"x":0.7398024797439575,"y":-0.06479410827159882,"z":-89.92579650878906},"rotation":{"x":-0.17994049191474915,"y":0.09632536768913269,"z":-0.017708415165543557,"w":-0.9787898659706116},"size":0.8660253882408142,"orthographic":false}