{"cameraMode":{"drawMode":0,"name":"Shaded","section":"Shading Mode"},"sceneLighting":false,"audioPlay":false,"sceneViewState":{"m_AlwaysRefresh":false,"showFog":true,"showSkybox":false,"showFlares":true,"showImageEffects":true,"showParticleSystems":true,"showVisualEffectGraphs":true,"m_FxEnabled":true},"in2DMode":false,"pivot":{"x":-0.9931802749633789,"y":-0.07945168018341065,"z":1.0793348550796509},"rotation":{"x":-0.15491223335266114,"y":0.5955301523208618,"z":-0.11837316304445267,"w":-0.7793201804161072},"size":2.1785457134246828,"orthographic":false}